{
  "images" : [
    {
      "idiom" : "universal",
      "filename" : "keep-calm-and-simplify-12.png",
      "scale" : "1x"
    },
    {
      "idiom" : "universal",
      "filename" : "keep-calm-and-simplify-11.png",
      "scale" : "2x"
    },
    {
      "idiom" : "universal",
      "filename" : "keep-calm-and-simplify-8.png",
      "scale" : "3x"
    },
    {
      "idiom" : "ipad",
      "filename" : "keep-calm-and-simplify-10.png",
      "scale" : "1x"
    },
    {
      "idiom" : "ipad",
      "filename" : "keep-calm-and-simplify-9.png",
      "scale" : "2x"
    }
  ],
  "info" : {
    "version" : 1,
    "author" : "xcode"
  }
}